Trade Number,Direction,Signal Time,Entry Time,Entry,Stop,Target,Exit Time,Exit Price,Result,R,Duration Hours
1,SHORT,2026-03-16T19:00:00.000Z,2026-03-16T20:00:00.000Z,24658.35,24803.72,24367.61,2026-03-17T13:00:00.000Z,24803.72,LOSS,-1,17
2,SHORT,2026-03-17T23:00:00.000Z,2026-03-18T00:00:00.000Z,24794.8,24814.92,24754.56,2026-03-18T00:00:00.000Z,24814.92,LOSS,-1,0
3,LONG,2026-03-19T13:00:00.000Z,2026-03-19T14:00:00.000Z,24296.83,24127.58,24635.33,2026-03-20T10:00:00.000Z,24127.58,LOSS,-1,20
4,LONG,2026-03-23T18:00:00.000Z,2026-03-23T19:00:00.000Z,24304.5,24207.37,24498.76,2026-03-23T19:00:00.000Z,24207.37,LOSS,-1,0
5,LONG,2026-03-24T09:00:00.000Z,2026-03-24T10:00:00.000Z,24219.97,24103.97,24451.97,2026-03-24T11:00:00.000Z,24103.97,LOSS,-1,1
6,LONG,2026-03-24T14:00:00.000Z,2026-03-24T15:00:00.000Z,24043.5,23976.25,24178,2026-03-24T15:00:00.000Z,24178,WIN,2,0
7,LONG,2026-03-25T09:00:00.000Z,2026-03-25T10:00:00.000Z,24263.04,24221.54,24346.04,2026-03-25T12:00:00.000Z,24221.54,LOSS,-1,2
8,LONG,2026-03-25T17:00:00.000Z,2026-03-25T18:00:00.000Z,24235.31,24187.31,24331.31,2026-03-25T18:00:00.000Z,24187.31,LOSS,-1,0
9,LONG,2026-03-25T19:00:00.000Z,2026-03-25T20:00:00.000Z,24182.44,24121.94,24303.44,2026-03-25T23:00:00.000Z,24121.94,LOSS,-1,3
10,LONG,2026-03-26T12:00:00.000Z,2026-03-26T13:00:00.000Z,23937.04,23893.54,24024.04,2026-03-26T13:00:00.000Z,23893.54,LOSS,-1,0
11,LONG,2026-03-30T19:00:00.000Z,2026-03-30T20:00:00.000Z,22974.85,22863.47,23197.61,2026-03-31T00:00:00.000Z,22863.47,LOSS,-1,4
12,LONG,2026-04-05T23:00:00.000Z,2026-04-06T00:00:00.000Z,23944.91,23894.29,24046.15,2026-04-06T00:00:00.000Z,24046.15,WIN,2,0
13,SHORT,2026-04-06T10:00:00.000Z,2026-04-06T11:00:00.000Z,24168.71,24213.09,24079.95,2026-04-06T13:00:00.000Z,24213.09,LOSS,-1,2
14,LONG,2026-04-06T15:00:00.000Z,2026-04-06T16:00:00.000Z,24177.99,24107.99,24317.99,2026-04-06T17:00:00.000Z,24107.99,LOSS,-1,1
15,SHORT,2026-04-06T22:00:00.000Z,2026-04-06T23:00:00.000Z,24168.97,24248.22,24010.47,2026-04-07T08:00:00.000Z,24248.22,LOSS,-1,9
16,LONG,2026-04-07T11:00:00.000Z,2026-04-07T12:00:00.000Z,24077.09,24044.72,24141.83,2026-04-07T12:00:00.000Z,24044.72,LOSS,-1,0
17,LONG,2026-04-07T17:00:00.000Z,2026-04-07T18:00:00.000Z,24092.12,24036.74,24202.88,2026-04-07T18:00:00.000Z,24036.74,LOSS,-1,0
18,SHORT,2026-04-08T22:00:00.000Z,2026-04-08T23:00:00.000Z,24889.94,24919.69,24830.44,2026-04-09T07:00:00.000Z,24830.44,WIN,2,8
19,SHORT,2026-04-09T08:00:00.000Z,2026-04-09T09:00:00.000Z,24827.94,24859.31,24765.2,2026-04-09T09:00:00.000Z,24859.31,LOSS,-1,0
20,SHORT,2026-04-09T12:00:00.000Z,2026-04-09T13:00:00.000Z,24884.19,24918.44,24815.69,2026-04-09T13:00:00.000Z,24918.44,LOSS,-1,0
21,SHORT,2026-04-10T05:00:00.000Z,2026-04-10T06:00:00.000Z,25118.84,25141.47,25073.58,2026-04-10T08:00:00.000Z,25073.58,WIN,2,2
22,SHORT,2026-04-10T11:00:00.000Z,2026-04-10T12:00:00.000Z,25125.09,25157.72,25059.83,2026-04-10T12:00:00.000Z,25157.72,LOSS,-1,0
23,LONG,2026-04-12T23:00:00.000Z,2026-04-13T00:00:00.000Z,24846.08,24785.53,24967.18,2026-04-13T06:00:00.000Z,24967.18,WIN,2,6
24,SHORT,2026-04-21T11:00:00.000Z,2026-04-21T12:00:00.000Z,26745.84,26776.21,26685.1,2026-04-21T13:00:00.000Z,26685.1,WIN,2,1
25,SHORT,2026-04-22T12:00:00.000Z,2026-04-22T13:00:00.000Z,26699.34,26778.21,26541.6,2026-04-22T14:00:00.000Z,26778.21,LOSS,-1,1
26,SHORT,2026-04-23T15:00:00.000Z,2026-04-23T16:00:00.000Z,26971.09,27033.96,26845.35,2026-04-23T17:00:00.000Z,26845.35,WIN,2,1
27,SHORT,2026-04-23T18:00:00.000Z,2026-04-23T19:00:00.000Z,26738.71,26860.46,26495.21,2026-04-23T20:00:00.000Z,26860.46,LOSS,-1,1
28,SHORT,2026-04-24T01:00:00.000Z,2026-04-24T02:00:00.000Z,26999.93,27009.3,26981.19,2026-04-24T02:00:00.000Z,26981.19,WIN,2,0
29,SHORT,2026-04-24T08:00:00.000Z,2026-04-24T09:00:00.000Z,26976.05,27034.68,26858.79,2026-04-24T10:00:00.000Z,27034.68,LOSS,-1,1
30,SHORT,2026-04-29T13:00:00.000Z,2026-04-29T14:00:00.000Z,27114.95,27143.55,27057.75,2026-04-29T14:00:00.000Z,27143.55,LOSS,-1,0
31,LONG,2026-04-29T18:00:00.000Z,2026-04-29T19:00:00.000Z,27188.27,27051.14,27462.53,2026-04-29T20:00:00.000Z,27051.14,LOSS,-1,1
32,SHORT,2026-04-30T22:00:00.000Z,2026-04-30T23:00:00.000Z,27474.01,27540.76,27340.51,2026-05-01T01:00:00.000Z,27540.76,LOSS,-1,2
33,SHORT,2026-05-01T05:00:00.000Z,2026-05-01T06:00:00.000Z,27511.39,27534.51,27465.15,2026-05-01T08:00:00.000Z,27465.15,WIN,2,2
34,SHORT,2026-05-01T10:00:00.000Z,2026-05-01T11:00:00.000Z,27464.76,27475.51,27443.26,2026-05-01T11:00:00.000Z,27443.26,WIN,2,0
35,LONG,2026-05-12T07:00:00.000Z,2026-05-12T08:00:00.000Z,29154.07,29089.95,29282.31,2026-05-12T08:00:00.000Z,29089.95,LOSS,-1,0
36,LONG,2026-05-12T09:00:00.000Z,2026-05-12T10:00:00.000Z,29134.7,29089.57,29224.96,2026-05-12T11:00:00.000Z,29089.57,LOSS,-1,1
37,LONG,2026-05-13T02:00:00.000Z,2026-05-13T03:00:00.000Z,29139.84,29119.46,29180.6,2026-05-13T03:00:00.000Z,29180.6,WIN,2,0
38,SHORT,2026-05-13T17:00:00.000Z,2026-05-13T18:00:00.000Z,29361.24,29413.36,29257,2026-05-13T18:00:00.000Z,29413.36,LOSS,-1,0
39,SHORT,2026-05-14T19:00:00.000Z,2026-05-14T20:00:00.000Z,29604.8,29653.55,29507.3,2026-05-14T20:00:00.000Z,29653.55,LOSS,-1,0
40,SHORT,2026-05-14T23:00:00.000Z,2026-05-15T00:00:00.000Z,29603.82,29649.44,29512.58,2026-05-15T01:00:00.000Z,29512.58,WIN,2,1
41,LONG,2026-05-15T07:00:00.000Z,2026-05-15T08:00:00.000Z,29321.82,29293.07,29379.32,2026-05-15T08:00:00.000Z,29293.07,LOSS,-1,0
42,LONG,2026-05-15T15:00:00.000Z,2026-05-15T16:00:00.000Z,29197.97,29128.72,29336.47,2026-05-15T17:00:00.000Z,29336.47,WIN,2,1
43,SHORT,2026-05-18T01:00:00.000Z,2026-05-18T02:00:00.000Z,28949.43,28976.56,28895.17,2026-05-18T02:00:00.000Z,28976.56,LOSS,-1,0
44,LONG,2026-05-18T07:00:00.000Z,2026-05-18T08:00:00.000Z,29047.81,28987.18,29169.07,2026-05-18T08:00:00.000Z,29169.07,WIN,2,0
45,LONG,2026-05-18T11:00:00.000Z,2026-05-18T12:00:00.000Z,29104.31,28981.31,29350.31,2026-05-18T14:00:00.000Z,28981.31,LOSS,-1,2
46,LONG,2026-05-18T16:00:00.000Z,2026-05-18T17:00:00.000Z,28933.33,28770.46,29259.07,2026-05-18T18:00:00.000Z,28770.46,LOSS,-1,1
47,LONG,2026-05-19T10:00:00.000Z,2026-05-19T11:00:00.000Z,28853.86,28770.24,29021.1,2026-05-19T12:00:00.000Z,28770.24,LOSS,-1,1
48,LONG,2026-05-19T13:00:00.000Z,2026-05-19T14:00:00.000Z,28865.38,28733.23,29129.68,2026-05-19T14:00:00.000Z,28733.23,LOSS,-1,0
49,LONG,2026-05-19T15:00:00.000Z,2026-05-19T16:00:00.000Z,28746.26,28657.88,28923.02,2026-05-19T16:00:00.000Z,28923.02,WIN,2,0
50,SHORT,2026-05-19T19:00:00.000Z,2026-05-19T20:00:00.000Z,28852.26,28989.13,28578.52,2026-05-20T07:00:00.000Z,28989.13,LOSS,-1,11
51,SHORT,2026-05-20T10:00:00.000Z,2026-05-20T11:00:00.000Z,29040.85,29090.35,28941.85,2026-05-20T12:00:00.000Z,29090.35,LOSS,-1,1
52,SHORT,2026-05-20T13:00:00.000Z,2026-05-20T14:00:00.000Z,29032.75,29127.75,28842.75,2026-05-20T14:00:00.000Z,29127.75,LOSS,-1,0
53,LONG,2026-05-20T23:00:00.000Z,2026-05-21T00:00:00.000Z,29123.26,29099.13,29171.52,2026-05-21T01:00:00.000Z,29171.52,WIN,2,1
54,LONG,2026-05-21T07:00:00.000Z,2026-05-21T08:00:00.000Z,29252.63,29132.83,29492.23,2026-05-21T10:00:00.000Z,29132.83,LOSS,-1,2
55,LONG,2026-05-21T11:00:00.000Z,2026-05-21T12:00:00.000Z,29183.88,29135.33,29280.98,2026-05-21T12:00:00.000Z,29135.33,LOSS,-1,0
56,LONG,2026-05-21T15:00:00.000Z,2026-05-21T16:00:00.000Z,29197.41,29069.78,29452.67,2026-05-21T17:00:00.000Z,29452.67,WIN,2,1
57,LONG,2026-05-21T20:00:00.000Z,2026-05-21T22:00:00.000Z,29385.96,29364.26,29429.36,2026-05-21T22:00:00.000Z,29429.36,WIN,2,0
58,SHORT,2026-05-25T15:00:00.000Z,2026-05-25T16:00:00.000Z,29866.93,29934.05,29732.69,2026-05-26T01:00:00.000Z,29732.69,WIN,2,9
59,SHORT,2026-05-27T01:00:00.000Z,2026-05-27T02:00:00.000Z,30070.79,30106.67,29999.03,2026-05-27T02:00:00.000Z,30106.67,LOSS,-1,0
60,SHORT,2026-05-27T05:00:00.000Z,2026-05-27T06:00:00.000Z,30050.79,30068.17,30016.03,2026-05-27T06:00:00.000Z,30016.03,WIN,2,0
61,LONG,2026-05-28T06:00:00.000Z,2026-05-28T07:00:00.000Z,29859.2,29830.58,29916.44,2026-05-28T08:00:00.000Z,29916.44,WIN,2,1
62,SHORT,2026-05-28T09:00:00.000Z,2026-05-28T10:00:00.000Z,29925.95,29948.2,29881.45,2026-05-28T10:00:00.000Z,29881.45,WIN,2,0
63,SHORT,2026-06-03T02:00:00.000Z,2026-06-03T03:00:00.000Z,30644.77,30659.34,30615.63,2026-06-03T03:00:00.000Z,30659.34,LOSS,-1,0
64,SHORT,2026-06-03T05:00:00.000Z,2026-06-03T06:00:00.000Z,30654.64,30688.64,30586.64,2026-06-03T07:00:00.000Z,30688.64,LOSS,-1,1
65,SHORT,2026-06-03T19:00:00.000Z,2026-06-03T20:00:00.000Z,30600.64,30659.79,30482.34,2026-06-03T20:00:00.000Z,30482.34,WIN,2,0
66,LONG,2026-06-04T11:00:00.000Z,2026-06-04T12:00:00.000Z,30242.38,30127.01,30473.12,2026-06-04T14:00:00.000Z,30127.01,LOSS,-1,2
67,SHORT,2026-06-04T18:00:00.000Z,2026-06-04T19:00:00.000Z,30520.78,30561.16,30440.02,2026-06-04T19:00:00.000Z,30561.16,LOSS,-1,0
68,LONG,2026-06-08T02:00:00.000Z,2026-06-08T03:00:00.000Z,29182.09,29076.59,29393.09,2026-06-08T04:00:00.000Z,29076.59,LOSS,-1,1
69,LONG,2026-06-08T10:00:00.000Z,2026-06-08T11:00:00.000Z,29213.09,29147.21,29344.85,2026-06-08T11:00:00.000Z,29344.85,WIN,2,0
70,SHORT,2026-06-08T15:00:00.000Z,2026-06-08T16:00:00.000Z,29582.36,29714.11,29318.86,2026-06-08T22:00:00.000Z,29318.86,WIN,2,6
71,SHORT,2026-06-08T23:00:00.000Z,2026-06-09T00:00:00.000Z,29398.21,29455.01,29284.61,2026-06-09T00:00:00.000Z,29284.61,WIN,2,0
72,SHORT,2026-06-09T06:00:00.000Z,2026-06-09T07:00:00.000Z,29596.64,29648.39,29493.14,2026-06-09T07:00:00.000Z,29648.39,LOSS,-1,0
73,SHORT,2026-06-09T11:00:00.000Z,2026-06-09T12:00:00.000Z,29655.01,29700.89,29563.25,2026-06-09T12:00:00.000Z,29700.89,LOSS,-1,0
74,SHORT,2026-06-09T13:00:00.000Z,2026-06-09T14:00:00.000Z,29646.21,29820.29,29298.05,2026-06-09T14:00:00.000Z,29298.05,WIN,2,0
75,LONG,2026-06-09T19:00:00.000Z,2026-06-09T20:00:00.000Z,29090.29,28815.54,29639.79,2026-06-10T08:00:00.000Z,28815.54,LOSS,-1,12
76,LONG,2026-06-10T09:00:00.000Z,2026-06-10T10:00:00.000Z,28755.72,28662.1,28942.96,2026-06-10T11:00:00.000Z,28662.1,LOSS,-1,1
77,SHORT,2026-06-10T14:00:00.000Z,2026-06-10T15:00:00.000Z,28879.5,29226.62,28185.26,2026-06-11T17:00:00.000Z,29226.62,LOSS,-1,26
78,LONG,2026-06-11T18:00:00.000Z,2026-06-11T19:00:00.000Z,29249.32,29049.24,29649.48,2026-06-12T09:00:00.000Z,29649.48,WIN,2,14
79,SHORT,2026-06-12T13:00:00.000Z,2026-06-12T14:00:00.000Z,29331.53,29480.73,29033.13,2026-06-12T14:00:00.000Z,29480.73,LOSS,-1,0
80,LONG,2026-06-12T17:00:00.000Z,2026-06-12T18:00:00.000Z,29664.41,29629.28,29734.67,2026-06-12T18:00:00.000Z,29629.28,LOSS,-1,0
81,LONG,2026-06-12T19:00:00.000Z,2026-06-12T20:00:00.000Z,29632.03,29562.66,29770.77,2026-06-14T22:00:00.000Z,29770.77,WIN,2,50
82,LONG,2026-06-14T23:00:00.000Z,2026-06-15T00:00:00.000Z,30040.85,29976.1,30170.35,2026-06-15T01:00:00.000Z,30170.35,WIN,2,1
83,LONG,2026-06-15T10:00:00.000Z,2026-06-15T11:00:00.000Z,30245.28,30215.15,30305.54,2026-06-15T11:00:00.000Z,30305.54,WIN,2,0
84,SHORT,2026-06-15T16:00:00.000Z,2026-06-15T17:00:00.000Z,30554.18,30599.3,30463.94,2026-06-15T22:00:00.000Z,30463.94,WIN,2,5
85,SHORT,2026-06-16T13:00:00.000Z,2026-06-16T14:00:00.000Z,30489.77,30570.77,30327.77,2026-06-16T14:00:00.000Z,30327.77,WIN,2,0
86,LONG,2026-06-17T14:00:00.000Z,2026-06-17T15:00:00.000Z,30035.7,29965.7,30175.7,2026-06-17T18:00:00.000Z,29965.7,LOSS,-1,3
87,SHORT,2026-06-18T03:00:00.000Z,2026-06-18T04:00:00.000Z,30086.98,30106.11,30048.72,2026-06-18T04:00:00.000Z,30048.72,WIN,2,0
88,LONG,2026-06-18T05:00:00.000Z,2026-06-18T06:00:00.000Z,30041.48,30010.68,30103.08,2026-06-18T06:00:00.000Z,30010.68,LOSS,-1,0
89,SHORT,2026-06-18T11:00:00.000Z,2026-06-18T12:00:00.000Z,30110.11,30144.73,30040.87,2026-06-18T12:00:00.000Z,30144.73,LOSS,-1,0
90,SHORT,2026-06-18T13:00:00.000Z,2026-06-18T14:00:00.000Z,30155.01,30302.26,29860.51,2026-06-18T14:00:00.000Z,30302.26,LOSS,-1,0
91,LONG,2026-06-18T15:00:00.000Z,2026-06-18T16:00:00.000Z,30328.01,30183.76,30616.51,2026-06-19T04:00:00.000Z,30183.76,LOSS,-1,12
92,LONG,2026-06-19T11:00:00.000Z,2026-06-19T12:00:00.000Z,30286.66,30231.98,30396.02,2026-06-19T12:00:00.000Z,30231.98,LOSS,-1,0
93,SHORT,2026-06-22T01:00:00.000Z,2026-06-22T02:00:00.000Z,30314.86,30366.36,30211.86,2026-06-22T05:00:00.000Z,30366.36,LOSS,-1,3
94,LONG,2026-06-22T16:00:00.000Z,2026-06-22T17:00:00.000Z,30297.31,30211.19,30469.55,2026-06-23T00:00:00.000Z,30211.19,LOSS,-1,7
95,SHORT,2026-06-23T03:00:00.000Z,2026-06-23T04:00:00.000Z,30117.66,30130.41,30092.16,2026-06-23T04:00:00.000Z,30130.41,LOSS,-1,0
96,SHORT,2026-06-23T07:00:00.000Z,2026-06-23T08:00:00.000Z,29625.41,29771.41,29333.41,2026-06-23T18:00:00.000Z,29333.41,WIN,2,10
97,LONG,2026-06-23T19:00:00.000Z,2026-06-23T20:00:00.000Z,29362.94,29330.44,29427.94,2026-06-23T20:00:00.000Z,29427.94,WIN,2,0
98,LONG,2026-06-23T23:00:00.000Z,2026-06-24T00:00:00.000Z,29475.11,29313.06,29799.21,2026-06-24T13:00:00.000Z,29313.06,LOSS,-1,13
99,SHORT,2026-06-24T18:00:00.000Z,2026-06-24T19:00:00.000Z,29072.76,29290.64,28637,2026-06-24T20:00:00.000Z,29290.64,LOSS,-1,1
100,SHORT,2026-06-24T22:00:00.000Z,2026-06-24T23:00:00.000Z,29788.86,29904.99,29556.6,2026-06-25T07:00:00.000Z,29904.99,LOSS,-1,8
101,LONG,2026-06-25T15:00:00.000Z,2026-06-25T16:00:00.000Z,29396.93,29199.93,29790.93,2026-06-26T02:00:00.000Z,29199.93,LOSS,-1,10
102,LONG,2026-06-26T03:00:00.000Z,2026-06-26T04:00:00.000Z,29112.5,28907.57,29522.36,2026-06-29T11:00:00.000Z,29522.36,WIN,2,79
103,SHORT,2026-06-29T13:00:00.000Z,2026-06-29T14:00:00.000Z,29385.3,29605.55,28944.8,2026-06-29T15:00:00.000Z,29605.55,LOSS,-1,1
104,LONG,2026-06-29T19:00:00.000Z,2026-06-29T20:00:00.000Z,29813.93,29740.68,29960.43,2026-06-30T00:00:00.000Z,29740.68,LOSS,-1,4
105,LONG,2026-06-30T01:00:00.000Z,2026-06-30T02:00:00.000Z,29829.68,29726.81,30035.42,2026-06-30T13:00:00.000Z,30035.42,WIN,2,11
106,SHORT,2026-06-30T14:00:00.000Z,2026-06-30T15:00:00.000Z,30081.08,30217.83,29807.58,2026-06-30T15:00:00.000Z,30217.83,LOSS,-1,0
107,SHORT,2026-06-30T17:00:00.000Z,2026-06-30T18:00:00.000Z,30300.71,30338.71,30224.71,2026-06-30T18:00:00.000Z,30338.71,LOSS,-1,0
108,SHORT,2026-06-30T19:00:00.000Z,2026-06-30T20:00:00.000Z,30292.88,30375.71,30127.22,2026-07-01T07:00:00.000Z,30127.22,WIN,2,11
109,LONG,2026-07-01T13:00:00.000Z,2026-07-01T14:00:00.000Z,30066.03,29873.98,30450.13,2026-07-01T19:00:00.000Z,29873.98,LOSS,-1,5
110,LONG,2026-07-02T00:00:00.000Z,2026-07-02T01:00:00.000Z,29903.37,29746.94,30216.23,2026-07-02T06:00:00.000Z,29746.94,LOSS,-1,5
111,LONG,2026-07-02T11:00:00.000Z,2026-07-02T12:00:00.000Z,29828.49,29761.44,29962.59,2026-07-02T12:00:00.000Z,29962.59,WIN,2,0
112,LONG,2026-07-02T13:00:00.000Z,2026-07-02T14:00:00.000Z,30051.02,29801.77,30549.52,2026-07-02T14:00:00.000Z,29801.77,LOSS,-1,0
113,LONG,2026-07-02T19:00:00.000Z,2026-07-02T20:00:00.000Z,29333.77,29143.64,29714.03,2026-07-03T12:00:00.000Z,29714.03,WIN,2,16
114,SHORT,2026-07-03T16:00:00.000Z,2026-07-03T17:00:00.000Z,29704.06,29726.76,29658.66,2026-07-03T17:00:00.000Z,29658.66,WIN,2,0
115,LONG,2026-07-06T03:00:00.000Z,2026-07-06T04:00:00.000Z,29538.6,29501.6,29612.6,2026-07-06T04:00:00.000Z,29612.6,WIN,2,0
116,LONG,2026-07-06T08:00:00.000Z,2026-07-06T09:00:00.000Z,29677.47,29587.97,29856.47,2026-07-06T13:00:00.000Z,29587.97,LOSS,-1,4
117,LONG,2026-07-06T15:00:00.000Z,2026-07-06T16:00:00.000Z,29882,29749.75,30146.5,2026-07-06T17:00:00.000Z,29749.75,LOSS,-1,1
118,SHORT,2026-07-06T19:00:00.000Z,2026-07-06T20:00:00.000Z,29759.25,29860.25,29557.25,2026-07-07T01:00:00.000Z,29557.25,WIN,2,5
119,SHORT,2026-07-07T02:00:00.000Z,2026-07-07T03:00:00.000Z,29554.7,29626.83,29410.44,2026-07-07T05:00:00.000Z,29410.44,WIN,2,2
120,LONG,2026-07-07T06:00:00.000Z,2026-07-07T07:00:00.000Z,29496.95,29438.95,29612.95,2026-07-07T09:00:00.000Z,29438.95,LOSS,-1,2
121,SHORT,2026-07-07T10:00:00.000Z,2026-07-07T11:00:00.000Z,29466.33,29496.58,29405.83,2026-07-07T11:00:00.000Z,29405.83,WIN,2,0
122,LONG,2026-07-07T12:00:00.000Z,2026-07-07T13:00:00.000Z,29450.2,29429.83,29490.94,2026-07-07T13:00:00.000Z,29429.83,LOSS,-1,0
123,LONG,2026-07-07T17:00:00.000Z,2026-07-07T18:00:00.000Z,29374.98,29318.1,29488.74,2026-07-07T18:00:00.000Z,29318.1,LOSS,-1,0
124,LONG,2026-07-07T19:00:00.000Z,2026-07-07T20:00:00.000Z,29203.35,29078.6,29452.85,2026-07-08T08:00:00.000Z,29078.6,LOSS,-1,12
125,SHORT,2026-07-08T17:00:00.000Z,2026-07-08T18:00:00.000Z,29166.93,29271.68,28957.43,2026-07-08T19:00:00.000Z,29271.68,LOSS,-1,1
126,SHORT,2026-07-09T02:00:00.000Z,2026-07-09T03:00:00.000Z,29244.84,29392.34,28949.84,2026-07-09T05:00:00.000Z,29392.34,LOSS,-1,2
127,SHORT,2026-07-09T08:00:00.000Z,2026-07-09T09:00:00.000Z,29476.84,29550.71,29329.1,2026-07-09T12:00:00.000Z,29550.71,LOSS,-1,3
128,LONG,2026-07-09T16:00:00.000Z,2026-07-09T17:00:00.000Z,29712.74,29679.91,29778.4,2026-07-09T17:00:00.000Z,29778.4,WIN,2,0
129,LONG,2026-07-09T19:00:00.000Z,2026-07-09T20:00:00.000Z,29763.86,29712.61,29866.36,2026-07-10T00:00:00.000Z,29712.61,LOSS,-1,4
130,LONG,2026-07-10T01:00:00.000Z,2026-07-10T02:00:00.000Z,29708.24,29633.99,29856.74,2026-07-10T06:00:00.000Z,29633.99,LOSS,-1,4
131,LONG,2026-07-10T08:00:00.000Z,2026-07-10T09:00:00.000Z,29589.74,29559.49,29650.24,2026-07-10T09:00:00.000Z,29559.49,LOSS,-1,0
132,SHORT,2026-07-10T11:00:00.000Z,2026-07-10T12:00:00.000Z,29631.49,29703.49,29487.49,2026-07-10T13:00:00.000Z,29703.49,LOSS,-1,1
133,LONG,2026-07-10T17:00:00.000Z,2026-07-10T18:00:00.000Z,29855.14,29813.26,29938.9,2026-07-12T22:00:00.000Z,29938.9,WIN,2,52
134,SHORT,2026-07-13T00:00:00.000Z,2026-07-13T01:00:00.000Z,30394.87,30601.75,29981.11,2026-07-13T19:00:00.000Z,29981.11,WIN,2,18
135,SHORT,2026-07-13T22:00:00.000Z,2026-07-13T23:00:00.000Z,29964.97,30045.09,29804.73,2026-07-14T00:00:00.000Z,30045.09,LOSS,-1,1
136,LONG,2026-07-14T03:00:00.000Z,2026-07-14T04:00:00.000Z,29990.34,29869.22,30232.58,2026-07-14T11:00:00.000Z,30232.58,WIN,2,7
137,LONG,2026-07-14T13:00:00.000Z,2026-07-14T14:00:00.000Z,30346.87,30251.12,30538.37,2026-07-14T14:00:00.000Z,30251.12,LOSS,-1,0
138,LONG,2026-07-14T16:00:00.000Z,2026-07-14T17:00:00.000Z,30392.49,30270.62,30636.23,2026-07-15T14:00:00.000Z,30270.62,LOSS,-1,21
139,LONG,2026-07-15T20:00:00.000Z,2026-07-15T22:00:00.000Z,30277.83,30230.08,30373.33,2026-07-16T00:00:00.000Z,30230.08,LOSS,-1,2
140,SHORT,2026-07-16T01:00:00.000Z,2026-07-16T02:00:00.000Z,30223.63,30260.13,30150.63,2026-07-16T02:00:00.000Z,30260.13,LOSS,-1,0
141,LONG,2026-07-16T03:00:00.000Z,2026-07-16T04:00:00.000Z,30317.38,30281.13,30389.88,2026-07-16T04:00:00.000Z,30281.13,LOSS,-1,0
142,SHORT,2026-07-16T05:00:00.000Z,2026-07-16T06:00:00.000Z,30260.75,30369.88,30042.49,2026-07-16T11:00:00.000Z,30042.49,WIN,2,5
143,SHORT,2026-07-16T13:00:00.000Z,2026-07-16T14:00:00.000Z,29920.45,30103.03,29555.29,2026-07-17T01:00:00.000Z,29555.29,WIN,2,11
144,SHORT,2026-07-17T06:00:00.000Z,2026-07-17T07:00:00.000Z,29323.39,29404.26,29161.65,2026-07-17T08:00:00.000Z,29161.65,WIN,2,1
145,LONG,2026-07-17T13:00:00.000Z,2026-07-17T14:00:00.000Z,29254.96,28988.54,29787.8,2026-07-17T20:00:00.000Z,28988.54,LOSS,-1,6
146,SHORT,2026-07-20T00:00:00.000Z,2026-07-20T01:00:00.000Z,28725.11,28830.04,28515.25,2026-07-20T09:00:00.000Z,28830.04,LOSS,-1,8
147,SHORT,2026-07-20T13:00:00.000Z,2026-07-20T14:00:00.000Z,28862.94,29058.81,28471.2,2026-07-21T09:00:00.000Z,29058.81,LOSS,-1,19
148,SHORT,2026-07-21T11:00:00.000Z,2026-07-21T12:00:00.000Z,29022.42,29053.05,28961.16,2026-07-21T12:00:00.000Z,29053.05,LOSS,-1,0
149,SHORT,2026-07-21T13:00:00.000Z,2026-07-21T14:00:00.000Z,29021.45,29114.45,28835.45,2026-07-21T14:00:00.000Z,29114.45,LOSS,-1,0
150,LONG,2026-07-21T15:00:00.000Z,2026-07-21T16:00:00.000Z,29129.45,29051.7,29284.95,2026-07-22T05:00:00.000Z,29051.7,LOSS,-1,13
151,LONG,2026-07-22T09:00:00.000Z,2026-07-22T10:00:00.000Z,28995.48,28957.6,29071.24,2026-07-22T11:00:00.000Z,28957.6,LOSS,-1,1
152,LONG,2026-07-22T18:00:00.000Z,2026-07-22T19:00:00.000Z,29113.75,29076.38,29188.49,2026-07-22T19:00:00.000Z,29076.38,LOSS,-1,0
153,LONG,2026-07-22T20:00:00.000Z,2026-07-22T22:00:00.000Z,29034.3,28987.3,29128.3,2026-07-22T22:00:00.000Z,28987.3,LOSS,-1,0
154,LONG,2026-07-23T03:00:00.000Z,2026-07-23T04:00:00.000Z,28982.31,28901.31,29144.31,2026-07-23T07:00:00.000Z,28901.31,LOSS,-1,3
155,SHORT,2026-07-23T13:00:00.000Z,2026-07-23T14:00:00.000Z,28579.46,28752.83,28232.72,2026-07-24T13:00:00.000Z,28232.72,WIN,2,23
156,LONG,2026-07-27T01:00:00.000Z,2026-07-27T02:00:00.000Z,28486.63,28399.33,28661.23,2026-07-27T13:00:00.000Z,28399.33,LOSS,-1,11
157,LONG,2026-07-27T19:00:00.000Z,2026-07-27T20:00:00.000Z,28065.16,28028.66,28138.16,2026-07-27T22:00:00.000Z,28028.66,LOSS,-1,2
158,LONG,2026-07-28T03:00:00.000Z,2026-07-28T04:00:00.000Z,27923.11,27807.61,28154.11,2026-07-28T05:00:00.000Z,27807.61,LOSS,-1,1
159,LONG,2026-07-28T11:00:00.000Z,2026-07-28T12:00:00.000Z,27837.61,27724.36,28064.11,2026-07-28T13:00:00.000Z,27724.36,LOSS,-1,1
160,LONG,2026-07-29T04:00:00.000Z,2026-07-29T05:00:00.000Z,27636.7,27521.07,27867.96,2026-07-29T09:00:00.000Z,27867.96,WIN,2,4
161,LONG,2026-07-29T16:00:00.000Z,2026-07-29T17:00:00.000Z,27484.35,27290.85,27871.35,2026-07-29T18:00:00.000Z,27871.35,WIN,2,1
162,LONG,2026-07-30T00:00:00.000Z,2026-07-30T01:00:00.000Z,27436.57,27363.94,27581.83,2026-07-30T01:00:00.000Z,27581.83,WIN,2,0
163,SHORT,2026-07-30T03:00:00.000Z,2026-07-30T04:00:00.000Z,27420.69,27466.32,27329.43,2026-07-30T04:00:00.000Z,27329.43,WIN,2,0
164,SHORT,2026-07-30T07:00:00.000Z,2026-07-30T08:00:00.000Z,27283.89,27411.07,27029.53,2026-07-30T09:00:00.000Z,27411.07,LOSS,-1,1
165,SHORT,2026-07-30T14:00:00.000Z,2026-07-30T15:00:00.000Z,27954.09,28127.84,27606.59,2026-07-30T19:00:00.000Z,28127.84,LOSS,-1,4
166,LONG,2026-07-30T23:00:00.000Z,2026-07-31T00:00:00.000Z,28302.31,28241.19,28424.55,2026-07-31T01:00:00.000Z,28424.55,WIN,2,1
167,LONG,2026-07-31T03:00:00.000Z,2026-07-31T04:00:00.000Z,28337.31,28277.19,28457.55,2026-07-31T05:00:00.000Z,28457.55,WIN,2,1
168,LONG,2026-07-31T08:00:00.000Z,2026-07-31T09:00:00.000Z,28481.81,28403.69,28638.05,2026-07-31T10:00:00.000Z,28403.69,LOSS,-1,1
169,SHORT,2026-07-31T15:00:00.000Z,2026-07-31T16:00:00.000Z,28153.59,28221.21,28018.35,2026-07-31T16:00:00.000Z,28221.21,LOSS,-1,0
170,LONG,2026-07-31T18:00:00.000Z,2026-07-31T19:00:00.000Z,28313.46,28275.46,28389.46,2026-07-31T19:00:00.000Z,28275.46,LOSS,-1,0
171,LONG,2026-08-03T00:00:00.000Z,2026-08-03T01:00:00.000Z,28515.39,28432.14,28681.89,2026-08-03T08:00:00.000Z,28432.14,LOSS,-1,7
172,SHORT,2026-08-03T15:00:00.000Z,2026-08-03T16:00:00.000Z,28686.29,28706.17,28646.53,2026-08-03T16:00:00.000Z,28706.17,LOSS,-1,0
173,SHORT,2026-08-03T18:00:00.000Z,2026-08-03T19:00:00.000Z,28801.29,28857.54,28688.79,2026-08-03T23:00:00.000Z,28857.54,LOSS,-1,4
174,LONG,2026-08-04T03:00:00.000Z,2026-08-04T04:00:00.000Z,28890.05,28826.92,29016.31,2026-08-04T08:00:00.000Z,29016.31,WIN,2,4
175,LONG,2026-08-04T09:00:00.000Z,2026-08-04T10:00:00.000Z,28972.17,28902.05,29112.41,2026-08-04T11:00:00.000Z,29112.41,WIN,2,1
176,SHORT,2026-08-04T19:00:00.000Z,2026-08-04T20:00:00.000Z,29767.07,29851.07,29599.07,2026-08-05T05:00:00.000Z,29851.07,LOSS,-1,9
177,LONG,2026-08-05T09:00:00.000Z,2026-08-05T10:00:00.000Z,29750.66,29707.28,29837.42,2026-08-05T12:00:00.000Z,29837.42,WIN,2,2
178,SHORT,2026-08-06T03:00:00.000Z,2026-08-06T04:00:00.000Z,29477.94,29505.56,29422.7,2026-08-06T06:00:00.000Z,29422.7,WIN,2,2
179,SHORT,2026-08-06T07:00:00.000Z,2026-08-06T08:00:00.000Z,29403.44,29459.56,29291.2,2026-08-06T11:00:00.000Z,29291.2,WIN,2,3
180,LONG,2026-08-06T13:00:00.000Z,2026-08-06T14:00:00.000Z,29424.71,29138.96,29996.21,2026-08-13T13:00:00.000Z,29996.21,WIN,2,167
181,LONG,2026-08-13T20:00:00.000Z,2026-08-13T22:00:00.000Z,30129.23,30058.6,30270.49,2026-08-14T01:00:00.000Z,30058.6,LOSS,-1,3
182,SHORT,2026-08-14T03:00:00.000Z,2026-08-14T04:00:00.000Z,30067.09,30096.21,30008.85,2026-08-14T07:00:00.000Z,30096.21,LOSS,-1,3
183,SHORT,2026-08-14T16:00:00.000Z,2026-08-14T17:00:00.000Z,29973.61,30022.11,29876.61,2026-08-14T19:00:00.000Z,30022.11,LOSS,-1,2
184,SHORT,2026-08-14T20:00:00.000Z,2026-08-16T22:00:00.000Z,30056.79,30067.48,30035.41,2026-08-16T22:00:00.000Z,30067.48,LOSS,-1,0
185,SHORT,2026-08-17T01:00:00.000Z,2026-08-17T02:00:00.000Z,30115.33,30162.2,30021.59,2026-08-17T03:00:00.000Z,30162.2,LOSS,-1,1
186,LONG,2026-08-17T13:00:00.000Z,2026-08-17T14:00:00.000Z,30158.6,30089.35,30297.1,2026-08-17T14:00:00.000Z,30089.35,LOSS,-1,0
187,SHORT,2026-08-17T15:00:00.000Z,2026-08-17T16:00:00.000Z,30163.35,30210.6,30068.85,2026-08-17T17:00:00.000Z,30068.85,WIN,2,1
188,LONG,2026-08-17T18:00:00.000Z,2026-08-17T19:00:00.000Z,30046.1,30003.48,30131.34,2026-08-17T19:00:00.000Z,30003.48,LOSS,-1,0
189,LONG,2026-08-17T22:00:00.000Z,2026-08-17T23:00:00.000Z,30005.15,29988.53,30038.39,2026-08-18T00:00:00.000Z,30038.39,WIN,2,1
190,LONG,2026-08-18T06:00:00.000Z,2026-08-18T07:00:00.000Z,29819.03,29712.03,30033.03,2026-08-18T08:00:00.000Z,29712.03,LOSS,-1,1
191,LONG,2026-08-18T11:00:00.000Z,2026-08-18T12:00:00.000Z,29673.9,29653.53,29714.64,2026-08-18T12:00:00.000Z,29653.53,LOSS,-1,0
192,LONG,2026-08-18T16:00:00.000Z,2026-08-18T17:00:00.000Z,29576.05,29530.3,29667.55,2026-08-18T17:00:00.000Z,29530.3,LOSS,-1,0
193,LONG,2026-08-18T18:00:00.000Z,2026-08-18T19:00:00.000Z,29497.8,29473.68,29546.04,2026-08-18T22:00:00.000Z,29473.68,LOSS,-1,3
194,LONG,2026-08-19T00:00:00.000Z,2026-08-19T01:00:00.000Z,29470.88,29369.45,29673.74,2026-08-19T06:00:00.000Z,29369.45,LOSS,-1,5
195,LONG,2026-08-19T08:00:00.000Z,2026-08-19T09:00:00.000Z,29538.5,29522.75,29570,2026-08-19T09:00:00.000Z,29522.75,LOSS,-1,0
196,LONG,2026-08-19T11:00:00.000Z,2026-08-19T12:00:00.000Z,29466.13,29437.38,29523.63,2026-08-19T12:00:00.000Z,29523.63,WIN,2,0
197,SHORT,2026-08-19T16:00:00.000Z,2026-08-19T17:00:00.000Z,29490.65,29598.15,29275.65,2026-08-19T23:00:00.000Z,29598.15,LOSS,-1,6
198,LONG,2026-08-20T00:00:00.000Z,2026-08-20T01:00:00.000Z,29600.37,29512,29777.11,2026-08-20T08:00:00.000Z,29512,LOSS,-1,7
199,LONG,2026-08-20T13:00:00.000Z,2026-08-20T14:00:00.000Z,29283.02,29240.4,29368.26,2026-08-20T14:00:00.000Z,29240.4,LOSS,-1,0
200,LONG,2026-08-20T20:00:00.000Z,2026-08-20T22:00:00.000Z,29247.45,29193.87,29354.61,2026-08-21T07:00:00.000Z,29354.61,WIN,2,9
201,LONG,2026-08-21T08:00:00.000Z,2026-08-21T09:00:00.000Z,29382.82,29320.94,29506.58,2026-08-21T13:00:00.000Z,29320.94,LOSS,-1,4
202,LONG,2026-08-21T14:00:00.000Z,2026-08-21T15:00:00.000Z,29261.97,29150.97,29483.97,2026-08-24T05:00:00.000Z,29150.97,LOSS,-1,62
203,LONG,2026-08-24T14:00:00.000Z,2026-08-24T15:00:00.000Z,29021.58,28892.58,29279.58,2026-08-25T09:00:00.000Z,29279.58,WIN,2,18
204,LONG,2026-08-25T11:00:00.000Z,2026-08-25T12:00:00.000Z,29316.52,29247.9,29453.76,2026-08-25T13:00:00.000Z,29247.9,LOSS,-1,1
205,LONG,2026-08-25T15:00:00.000Z,2026-08-25T16:00:00.000Z,29199.66,29135.16,29328.66,2026-08-26T00:00:00.000Z,29135.16,LOSS,-1,8
206,LONG,2026-08-26T06:00:00.000Z,2026-08-26T07:00:00.000Z,29196.15,29148.28,29291.89,2026-08-26T07:00:00.000Z,29148.28,LOSS,-1,0
207,LONG,2026-08-26T08:00:00.000Z,2026-08-26T09:00:00.000Z,29172.4,29133.15,29250.9,2026-08-26T10:00:00.000Z,29133.15,LOSS,-1,1
208,SHORT,2026-08-26T11:00:00.000Z,2026-08-26T12:00:00.000Z,29163.4,29222.28,29045.64,2026-08-26T13:00:00.000Z,29222.28,LOSS,-1,1
209,SHORT,2026-08-26T15:00:00.000Z,2026-08-26T16:00:00.000Z,29162.18,29235.55,29015.44,2026-08-26T17:00:00.000Z,29235.55,LOSS,-1,1
210,SHORT,2026-08-26T19:00:00.000Z,2026-08-26T20:00:00.000Z,29247.68,29313.93,29115.18,2026-08-26T20:00:00.000Z,29313.93,LOSS,-1,0
211,SHORT,2026-08-27T13:00:00.000Z,2026-08-27T14:00:00.000Z,29430.21,29552.21,29186.21,2026-08-27T14:00:00.000Z,29552.21,LOSS,-1,0
212,LONG,2026-08-27T15:00:00.000Z,2026-08-27T16:00:00.000Z,29555.08,29470.21,29724.82,2026-08-28T14:00:00.000Z,29470.21,LOSS,-1,22
213,LONG,2026-08-28T17:00:00.000Z,2026-08-28T18:00:00.000Z,29464.41,29388.79,29615.65,2026-08-30T22:00:00.000Z,29388.79,LOSS,-1,52
214,LONG,2026-08-31T02:00:00.000Z,2026-08-31T03:00:00.000Z,29301.31,29244.31,29415.31,2026-08-31T05:00:00.000Z,29415.31,WIN,2,2
215,SHORT,2026-08-31T08:00:00.000Z,2026-08-31T09:00:00.000Z,29442.56,29492.19,29343.3,2026-08-31T12:00:00.000Z,29343.3,WIN,2,3
216,SHORT,2026-08-31T15:00:00.000Z,2026-08-31T16:00:00.000Z,29346.34,29402.34,29234.34,2026-08-31T17:00:00.000Z,29402.34,LOSS,-1,1
217,LONG,2026-09-01T00:00:00.000Z,2026-09-01T01:00:00.000Z,29465.86,29437.74,29522.1,2026-09-01T01:00:00.000Z,29437.74,LOSS,-1,0
218,SHORT,2026-09-01T04:00:00.000Z,2026-09-01T05:00:00.000Z,29432.36,29461.74,29373.6,2026-09-01T05:00:00.000Z,29461.74,LOSS,-1,0
219,SHORT,2026-09-01T10:00:00.000Z,2026-09-01T11:00:00.000Z,29169.11,29217.11,29073.11,2026-09-01T13:00:00.000Z,29073.11,WIN,2,2
220,LONG,2026-09-01T23:00:00.000Z,2026-09-02T00:00:00.000Z,29097.05,29082.92,29125.31,2026-09-02T00:00:00.000Z,29082.92,LOSS,-1,0
221,LONG,2026-09-02T02:00:00.000Z,2026-09-02T03:00:00.000Z,29048.42,29007.8,29129.66,2026-09-02T04:00:00.000Z,29007.8,LOSS,-1,1
222,LONG,2026-09-02T05:00:00.000Z,2026-09-02T06:00:00.000Z,29034.67,29000.67,29102.67,2026-09-02T06:00:00.000Z,29000.67,LOSS,-1,0
223,SHORT,2026-09-02T07:00:00.000Z,2026-09-02T08:00:00.000Z,29024.8,29083.3,28907.8,2026-09-02T09:00:00.000Z,28907.8,WIN,2,1
224,LONG,2026-09-02T10:00:00.000Z,2026-09-02T11:00:00.000Z,28950.3,28910.55,29029.8,2026-09-02T11:00:00.000Z,28910.55,LOSS,-1,0
225,SHORT,2026-09-02T12:00:00.000Z,2026-09-02T13:00:00.000Z,29003.17,29111.55,28786.41,2026-09-02T14:00:00.000Z,29111.55,LOSS,-1,1
226,LONG,2026-09-02T17:00:00.000Z,2026-09-02T18:00:00.000Z,29122.57,29089.07,29189.57,2026-09-03T03:00:00.000Z,29189.57,WIN,2,9
227,SHORT,2026-09-03T08:00:00.000Z,2026-09-03T09:00:00.000Z,29180.42,29255.79,29029.68,2026-09-03T13:00:00.000Z,29255.79,LOSS,-1,4
228,LONG,2026-09-03T14:00:00.000Z,2026-09-03T15:00:00.000Z,29326.82,29207.07,29566.32,2026-09-04T05:00:00.000Z,29566.32,WIN,2,14
229,LONG,2026-09-04T08:00:00.000Z,2026-09-04T09:00:00.000Z,29618.52,29596.27,29663.02,2026-09-04T09:00:00.000Z,29596.27,LOSS,-1,0
230,SHORT,2026-09-04T15:00:00.000Z,2026-09-04T16:00:00.000Z,29476.05,29503.92,29420.31,2026-09-04T16:00:00.000Z,29503.92,LOSS,-1,0
231,LONG,2026-09-04T19:00:00.000Z,2026-09-04T20:00:00.000Z,29531.42,29467.92,29658.42,2026-09-08T01:00:00.000Z,29658.42,WIN,2,77
232,SHORT,2026-09-08T04:00:00.000Z,2026-09-08T05:00:00.000Z,29709.36,29736.74,29654.6,2026-09-08T05:00:00.000Z,29654.6,WIN,2,0
233,SHORT,2026-09-08T10:00:00.000Z,2026-09-08T11:00:00.000Z,29540.11,29620.99,29378.35,2026-09-08T12:00:00.000Z,29620.99,LOSS,-1,1
234,LONG,2026-09-08T14:00:00.000Z,2026-09-08T15:00:00.000Z,29535.51,29397.51,29811.51,2026-09-09T09:00:00.000Z,29397.51,LOSS,-1,18
235,SHORT,2026-09-09T10:00:00.000Z,2026-09-09T11:00:00.000Z,29366.83,29407.7,29285.09,2026-09-09T11:00:00.000Z,29407.7,LOSS,-1,0
236,SHORT,2026-09-09T12:00:00.000Z,2026-09-09T13:00:00.000Z,29365.95,29379.33,29339.19,2026-09-09T13:00:00.000Z,29379.33,LOSS,-1,0
237,SHORT,2026-09-09T14:00:00.000Z,2026-09-09T15:00:00.000Z,29504.35,29569.35,29374.35,2026-09-09T15:00:00.000Z,29374.35,WIN,2,0
238,LONG,2026-09-09T16:00:00.000Z,2026-09-09T17:00:00.000Z,29433.6,29362.73,29575.34,2026-09-10T01:00:00.000Z,29362.73,LOSS,-1,8
239,LONG,2026-09-10T02:00:00.000Z,2026-09-10T03:00:00.000Z,29393.94,29348.31,29485.2,2026-09-10T09:00:00.000Z,29348.31,LOSS,-1,6
240,LONG,2026-09-10T16:00:00.000Z,2026-09-10T17:00:00.000Z,29208.84,29110.21,29406.1,2026-09-10T19:00:00.000Z,29110.21,LOSS,-1,2
241,LONG,2026-09-10T20:00:00.000Z,2026-09-10T22:00:00.000Z,29118.26,29102.19,29150.4,2026-09-10T22:00:00.000Z,29102.19,LOSS,-1,0
242,SHORT,2026-09-11T07:00:00.000Z,2026-09-11T08:00:00.000Z,29219.22,29245.22,29167.22,2026-09-11T08:00:00.000Z,29245.22,LOSS,-1,0
243,SHORT,2026-09-11T09:00:00.000Z,2026-09-11T10:00:00.000Z,29296.72,29310.22,29269.72,2026-09-11T10:00:00.000Z,29310.22,LOSS,-1,0
244,LONG,2026-09-11T11:00:00.000Z,2026-09-11T12:00:00.000Z,29300.47,29267.09,29367.23,2026-09-11T12:00:00.000Z,29267.09,LOSS,-1,0
245,LONG,2026-09-11T13:00:00.000Z,2026-09-11T14:00:00.000Z,29449.62,29326.24,29696.38,2026-09-11T14:00:00.000Z,29326.24,LOSS,-1,0